num_orders,num_customers,total_money_spent,average_order_cost,discount_value,discount_value_per_customer,maximum_discount_cost
4,33,2124.88,16.097575757575758,424.97600000000006,12.878060606060608,1113.3080000000002
5,19,1594.18,16.780842105263158,318.836,16.780842105263158,688.3320000000001
6,6,642.6800000000001,17.85222222222222,128.53600000000003,21.42266666666667,369.4960000000001
7,4,497.68,17.774285714285714,99.536,24.884,240.96000000000004
13,1,225.8,17.36923076923077,45.160000000000004,45.160000000000004,45.160000000000004
8,1,183.83,22.97875,36.766000000000005,36.766000000000005,141.42400000000004
10,1,158.18,15.818000000000001,31.636000000000003,31.636000000000003,76.796
9,1,139.31,15.47888888888889,27.862000000000002,27.862000000000002,104.65800000000002
